問題文,解答,誤答1,誤答2,誤答3,小節,対象,カテゴリ
この曲で、まず全パートが「主旋律がどこにあるか」を把握すべきなのはなぜか。,主旋律でないパートが先行して入ったり、高音域で音量が出やすかったりする箇所が多く、何も考えずに歌うと主旋律が埋もれやすいから。,主旋律は常にソプラノにあると決まっており、他のパートは自分の音程を正確に取りさえすれば全体のバランスは自然に整うから。,主旋律を担当するパートが最も音量を落とす必要があり、他のパートがどこまで鳴らせるかを先に決めなければならないから。,主旋律の位置を覚えておけば、暗譜のときに自分の入りのタイミングを他パートから拾いやすくなるから。,全体,全パート,役割・バランス
全員で主旋律を歌ってみる練習には、どのような目的があるか。,自分のパートが主旋律にどう関わるかを理解し、音量や音色を判断しやすくするため。,全員が同じ音程を歌うことでパートごとの音程のばらつきを洗い出し、ユニゾンの精度を上げるため。,本番で自分のパートが分からなくなったときに、主旋律へ移って歌えるようにしておくため。,ソプラノ以外のパートにも高音域を経験させ、発声の可動域を広げて音色を明るくするため。,全体,全パート,役割・バランス
自分のパートに要求されることを理解するための4段階の手順を答えよ。,①主旋律を全パートが理解する ②主旋律でないところは薄めに歌う ③合いの手のような独立部分はしっかり歌う ④和音で動くところはしっかり歌う。,①歌詞の意味を全員で共有する ②主旋律を暗譜する ③各パートの音程を個別に確認する ④最後に全体で通して合わせる。,①主旋律を全パートが理解する ②主旋律以外はすべて薄めに歌う ③合いの手も控えめに添える ④和音の部分だけ全員で鳴らす。,①指揮者の指示を確認する ②自分のパートの強弱記号を守る ③他パートの音を聴く ④足りなければ音量を上げる。,全体,全パート,役割・バランス
歌っている場所の役割を4種類に分けると、何と何か。,①主旋律（基本はソプラノ） ②全パートが揃う部分 ③合いの手 ④主旋律とは独立して動くハーモニー部分。,①主旋律 ②主旋律を3度でなぞる副旋律 ③持続音（オルゲルプンクト） ④リズムだけを刻む部分。,①ソプラノの主旋律 ②アルトの内声 ③テナーの対旋律 ④ベースの低音支え、というパートごとの4区分。,①旋律 ②伴奏 ③掛け合い ④休符前後の受け渡し部分。,全体,全パート,役割・バランス
4種類の役割のうち、しっかり主張するものと、あえて薄めに歌うものを答えよ。,①主旋律・②全パートが揃う部分・③合いの手はしっかり主張し、④独立して動くハーモニーは薄めに歌う。,①主旋律だけをしっかり主張し、②全パートが揃う部分・③合いの手・④独立して動くハーモニーはいずれも薄めに歌う。,①主旋律・④独立して動くハーモニーをしっかり主張し、②全パートが揃う部分・③合いの手は薄めに歌う。,②全パートが揃う部分・③合いの手をしっかり主張し、①主旋律・④独立したハーモニーは周囲に合わせて薄めに歌う。,全体,全パート,役割・バランス
主旋律と同じ音を歌っていないパートが主旋律として歌うとき、理想の状態は何か。,「自分は主旋律だ」という自覚を持ち、音色と抑揚は主旋律と同じで、違うのは音程だけという状態。,主旋律のパートより音量をわずかに落とし、音色も少し暗くして、主旋律が浮き立つための土台に徹する状態。,音程だけでなく音色や抑揚もパートごとに変えて、それぞれの声部の個性が聴き分けられる状態。,主旋律のパートの息づかいに合わせてブレス位置を完全に統一し、音量の変化を一切つけない状態。,全体,全パート,役割・バランス
この曲全体のmfの音量・響きの基準にする箇所はどこか。,1小節目のテナーのmf。ここで褒められた音量・響きを曲全体のmfの物差しにする。,26小節終わりのベースのmf。低声が最もよく鳴る箇所なので、ここを曲全体のmfの物差しにする。,31小節「ちんもくはもりを満たす」のmf。全パートが揃う最初の箇所なので、ここを基準にする。,8小節のソプラノのmf。主旋律を持つパートの音量こそが基準になるべきなので、ここを物差しにする。,全体,全パート,音量・発声
歌詞の言葉はどのような単位で捉えるべきか。「やがてとあるひ」を例に答えよ。,一文字ずつではなく単語・フレーズのまとまりで捉える。「やがて」「とある日」のように整理して発する。,一文字ずつ均等な重みで丁寧に発音する。「や・が・て・と・あ・る・ひ」と粒を揃えて発する。,文節よりさらに大きく、一息のフレーズ全体で捉える。「やがてとあるひ」をひとまとまりとして切れ目なく発する。,母音と子音を分けて捉える。子音を先に置いてから母音を拍に合わせる形で整理して発する。,全体,全パート,発語・言葉
130小節からのテンポと、演奏で持つべき人生のイメージを答えよ。,bpm84に変更する。暗い人生ではなく、明るい人生をイメージする。,bpm84に変更する。死を前にした場面なので、暗く重い人生をイメージする。,bpm72まで落とす。テンポを緩めることで、穏やかで達観した人生をイメージする。,bpm96まで上げる。急き立てられるような慌ただしい人生をイメージする。,130小節〜,全体,テンポ・表現
31小節で「ちんもく」だけ少し遅くした後、テンポはどうするか。,その後はbpm84までしっかり戻す。,その後も遅いテンポのまま保ち、元には戻さない。,その後はbpm84を超えるまで加速し、遅らせた分を取り戻す。,その後は数小節かけて少しずつbpm84に戻す。,31小節,全体,テンポ
1小節目のテナーは、mfをどのように歌うべきか。また、この箇所が重要な理由は何か。,息を回してしっかり鳴らす。この曲全体のmfの音量基準になる重要箇所だから。,息を抑えて柔らかく始める。曲の入り口なので、聴き手を驚かせない控えめな響きが必要だから。,息を回してしっかり鳴らす。次に入るベースの5度をかき消さないよう、音量の上限を示す必要があるから。,ノンビブラートで直線的に鳴らす。この曲で唯一テナーが主旋律を持つ箇所だから。,1小節,テナー,音量・発声
2小節目のベースの5度の並行移動で求められることと、目指す響きを答えよ。,正しいピッチでしっかり鳴らし、神秘的な響きを作る。,ピッチを合わせた上で控えめに鳴らし、テナーを邪魔しない透明な響きを作る。,響きを優先して倍音を多く含ませ、ピッチは多少ぶれてもよいので厚みのある響きを作る。,5度が硬く聴こえないよう、あえてわずかに低めに取って柔らかい響きを作る。,2小節,ベース,音程・響き
16小節で、後から入るテナーの「なっ」はどのように入るか。,食いつきを早くする。,食いつきを遅らせる。,拍の真上で正確に入る。,母音から柔らかく入る。,16小節,テナー,発語・タイミング
23小節「はやしは」の一文字ごとのアクセントは、どのように歌うか。,スタッカートのように切らず、音価を保ったまま音の頭を強く出し、その上でクレッシェンドする。,スタッカート気味に一音ずつ切り、粒立ちを出したうえでクレッシェンドする。,音価を保ったまま音の頭を強く出し、その勢いのままディミネンドしていく。,音の頭は強く出さず、母音を伸ばす中で一音ずつ膨らませてクレッシェンドする。,23小節,ソプラノ・ベース,発語・音量
26小節終わりのベースのmfの「m」はどうするか。,しっかり鳴らす。,響きだけ残して抑える。,短く切って早めに離す。,母音のみで歌う。,26小節,ベース,音量・発語
「ちんもく」を歌う前提として、まず全員が理解すべきことは何か。,解釈は難しくても、「ちんもく」という言葉がこの曲で大事だと理解すること。,「ちんもく」という言葉の意味を全員で統一的に解釈し、同じ情景を思い描けるようにすること。,「ちんもく」は歌詞の中では通過点にすぎないので、深く考えず流れを止めないこと。,「ちんもく」の詩における出典と作曲者の意図を調べ、根拠を持って解釈すること。,28〜31小節,全体,表現
「もりの木がおおきくなると大きくなったのは」から「ちんもく」への響きの対比をどう作るか。,「…大きくなったのは」までは明るい響きで歌い、「ちんもく」だけに重厚感を持たせる。,「…大きくなったのは」から徐々に暗い響きに変えていき、「ちんもく」で最も暗くなるようにする。,「…大きくなったのは」を重厚に歌い、「ちんもく」だけ響きを抜いて静けさを出す。,全体を同じ響きで統一し、音量の差だけで「ちんもく」を際立たせる。,28〜31小節,全体,表現・音色
36小節のベースがmで「ド・シ・ラ」と動く部分はどう歌うか。また声部分担はどうするか。,かなり鳴らして主張する。バリトンの音はテナーが歌っているため、バリトンもローベースの音を歌う。,かなり鳴らして主張する。テナーが薄いため、バリトンはテナーの音に加勢する。,主旋律ではないので控えめに添える。バリトンの音はテナーが歌っているため、バリトンはローベースの音を歌う。,かなり鳴らして主張する。声部は楽譜どおりに保ち、バリトンはバリトンの音を歌う。,36小節,ベース,音量・声部分担
37小節アウフタクトの「もり」のテヌートで、なぜ少し溜めを作るのか。,その溜めが、その後の加速の必然性につながるため。,その溜めによって、「もり」という言葉の重みを聴き手に印象づけるため。,その溜めで各パートのブレスを揃え、次のフレーズの縦を合わせるため。,その溜めがあることで、直前のクレッシェンドを収める時間が作れるため。,37小節アウフタクト,全体,テンポ・表現
48小節以降の高声は、どのような音の運び・レガート感で歌うか。,低声よりも鳴らしながら進行し、全部にテヌートがかかっているくらいの気持ちでlegatoに歌う。,低声よりも軽く進行し、一音一音を短く切って粒立ちのよいリズム感を出す。,低声と同じ音量で進行し、テヌートは楽譜に書かれた音だけにかけ、他はノンレガートで歌う。,低声よりも鳴らしながら進行するが、言葉の頭にアクセントをつけて区切り感を出す。,48小節〜,高声,音量・レガート
48小節以降の低声は、高声と対照的にどう歌うか。また、いつから鳴らし始めるか。,軽やかに・鳴らさず、主旋律を邪魔しないリズミカルな装飾として歌う。ただしmfからは低声もしっかり鳴らし始める。,軽やかに・鳴らさず、主旋律を邪魔しないリズミカルな装飾として歌う。この姿勢は80小節まで一貫して保つ。,高声と同じようにレガートで鳴らし、厚みのある土台を作る。ただしmfからは音量を落として主旋律を立てる。,最初はしっかり鳴らして推進力を作り、mf以降は軽く抜いて高声に譲る。,48小節〜,低声,役割・バランス
56小節「もりのことばだ」をソプラノが最初からフルパワーで歌わない理由を2つ答えよ。,後半のクレッシェンドの幅を残すため。さらに、この辺りで下3声の独立した動きや言葉を聴かせるため。,後半のクレッシェンドの幅を残すため。さらに、高音域が続くので声の消耗を抑える必要があるため。,下3声の独立した動きや言葉を聴かせるため。さらに、「もりのことばだ」は主旋律ではなく合いの手だから。,この箇所の強弱記号がpであるため。さらに、後に続く60小節の男声を目立たせるため。,56小節,ソプラノ,音量・バランス
60小節の男声は、何に向かう意識を持ちながらどう歌うか。,もっと鳴らし、「ことば」のアクセンティッシモに向かっていく意識を持つ。,もっと鳴らしつつ、64小節ソプラノの「はねのおと」へ受け渡す意識を持つ。,音量を抑え、「ことば」のアクセンティッシモとの落差を作る意識を持つ。,音量は保ったまま、テンポを前へ運んで「ことば」へ向かう推進力を作る。,60小節,男声,音量・表現
81〜82小節の女声3声は、主旋律の音を歌っていない声部もどのような意識で歌うか。,全員が「自分は主旋律だ」と考え、音色と抑揚を揃え、違うのは音程だけという状態を目指す。,主旋律を持つ声部を明確にし、他の2声は音量と音色を落として和音の土台に徹する状態を目指す。,3声それぞれが独立した表情を持ち、音色と抑揚をあえて変えて立体感を出す状態を目指す。,全員が「自分は主旋律だ」と考え、音程・音色・抑揚をすべて主旋律に合わせる状態を目指す。,81〜82小節,女声,主旋律・表現
「たいき」の「た」は、どのようなイメージと表現につなげるか。,t子音を工夫して透き通った大気をイメージし、女声3声全員が全力で抑揚をつけて朝の透き通った情景を作る。,t子音を柔らかくぼかして霞んだ大気をイメージし、女声3声全員が抑揚を抑えて静かな朝の情景を作る。,t子音を工夫して透き通った大気をイメージし、主旋律の声部だけが抑揚をつけて朝の情景を作る。,母音の「あ」を深く取って広がりのある大気をイメージし、女声3声全員が音量を上げて朝の情景を作る。,81〜82小節,女声,発語・情景
81〜82小節で、男声とローベースに求められることをそれぞれ答えよ。,男声は女声を聴いた上で5度のハモりをどう歌うか考える。ローベースは82小節でもっと鳴らす。,男声は女声を聴いた上で5度のハモりをどう歌うか考える。ローベースは82小節で音量を抑え、女声を立てる。,男声は女声に頼らず自分たちの3度のハモりを優先して作る。ローベースは82小節でもっと鳴らす。,男声は女声とユニゾンになる音を探して音色を揃える。ローベースは82小節でオクターブ下を補強する。,81〜82小節,男声・ローベース,和声・音量
92小節のcon motoはどのように表現するか。,テンポをもう少し前向きにし、先へ進む動きを出してcon motoを見せる。,テンポは変えずに、音量とアクセントで動きを出してcon motoを見せる。,テンポをやや落として、一音ずつの重みで動きを出してcon motoを見せる。,テンポを前向きにしたうえで、フレーズごとに間を作り、緩急でcon motoを見せる。,92小節,男声,テンポ・表現
92小節のベースが「お経のよう」に聴こえないため、どう歌い方を変えるか。,同じ音が続いても、主旋律の動きに合わせて歌い方を寄せ、音程は同じでも動き・抑揚を感じさせる。,同じ音が続く間は音量を一定に保ち、動きは主旋律に任せて、土台としての安定を優先する。,同じ音が続くので、一音ずつ切って発語を立て、リズムの刻みで単調さを解消する。,同じ音が続く箇所では音程をわずかに上下させ、揺らぎによって単調さを解消する。,92小節,ベース,表現・主旋律連動
92小節女声「ひがしのそらが〜」「わずかにあけると」のフレージング上の要点を答えよ。,「そら」を少し長めにし、「が」は控えめかつ鼻濁音。「わずかにあけると」は「あける」に向かう。,「そら」を少し長めにし、「が」は控えめかつ鼻濁音。「わずかにあけると」は「わずか」に重心を置く。,「そら」を短めに切り、「が」を立てて次へ送る。「わずかにあけると」は「あける」に向かう。,「ひがし」を長めにし、「が」は鼻濁音にせず明瞭に出す。「わずかにあけると」は「と」で収める。,92小節,女声,発語・フレーズ
94小節の男声は主旋律でなくなるためどう音量を扱うか。また3拍目はどうするか。,音量を主旋律のために残す。ただし3拍目のおしゃれな音の動きは主張する。,音量を主旋律のために残す。3拍目のおしゃれな音の動きも同様に控えめに歌う。,主旋律でなくなるが音量は保つ。ただし3拍目のおしゃれな音の動きだけは抑える。,音量を主旋律のために残す。ただし3拍目でブレスを取り、次のフレーズに備える。,94小節,男声,役割・バランス
96小節「しっかりとしてくる」の「してくる」はなぜ溜めるのか。,その後のテンポ変化に必然性を持たせるため。,「しっかりとしてくる」という言葉の意味を強調するため。,直前のクレッシェンドを収め、音量をリセットするため。,各パートのブレスを揃え、次の入りの縦を合わせるため。,96小節,全体,テンポ・表現
99小節「はちの」の「は」と「ぶんぶん」は、それぞれどう発語するか。,「は」はhを早く捕まえる。「ぶんぶん」は「ぶうんぶうん」のように母音を長くし、和声が鳴る時間を確保する。,「は」はhを早く捕まえる。「ぶんぶん」は「ぶんっぶんっ」と撥音を短く切り、羽音のリズム感を出す。,「は」は母音から入って柔らかく始める。「ぶんぶん」は「ぶうんぶうん」のように母音を長くし、和声が鳴る時間を確保する。,「は」はhを長く伸ばして息の音を聞かせる。「ぶんぶん」はnを長く取り、鼻腔の響きで和声を作る。,99小節,アルト,発語・和声
103小節ベース「はーー」の3拍目の音変化は、和声上どんな音で、どう聴かせたいか。,ベースだけが動き、動いた音は和音の第7音。かっこつけて降り、おしゃれに聴かせる。,ベースだけが動き、動いた音は和音の第3音。かっこつけて降り、おしゃれに聴かせる。,ベースとアルトが同時に動き、動いた音は和音の第7音。目立たせず自然に降りて響きだけを変える。,ベースだけが動き、動いた音は根音のオクターブ下。どっしりと降りて低音を厚くする。,103小節,ベース,和声・表現
104小節アルト「よぶんなものがない」は、どのような主旋律として聴かせるか。,ffかつアクセントのある、堂々とした主旋律として聴かせる。弱々しくしない。,mfで丁寧に、他声部と溶け合う内声として聴かせる。出しゃばらないようにする。,ffだがアクセントはつけず、レガートで滑らかな主旋律として聴かせる。,ffかつアクセントのある主旋律として聴かせるが、最後はディミネンドして収める。,104小節,アルト,主旋律・音量
106小節以降の変拍子部分で、聴き手に伝えるため最優先で整理すべきことは何か。,縦を揃え、何を言っているかが聴こえるように整理する。スピード感も含め何度も擦り合わせる。,拍子の変化に振り回されないよう、まず各パートが単独で正確に歌えるようにする。縦は指揮に任せる。,音量と表情を先に作り込み、聴き手に勢いを伝える。縦のずれは変拍子の効果として許容する。,縦を揃え、何を言っているかが聴こえるように整理する。テンポは一定に保ち、スピード感は出さない。,106小節〜,全体,変拍子・アンサンブル
114小節「だまって」は、どのような子音の聞こえ方を目指し、どんな歌い方が提案されたか。,破裂まではいかなくても少し尖った子音を目指す。1文字ずつお腹を使って区切るように歌い、男声fffに完全には埋もれないようにする。,しっかり破裂させた強い子音を目指す。1文字ずつお腹を使って区切るように歌い、男声fffを超える音量を出す。,破裂まではいかなくても少し尖った子音を目指す。1文字ずつ切らずにレガートでつなぎ、男声fffに溶け込ませる。,子音は柔らかく丸めることを目指す。1文字ずつお腹を使って区切るように歌い、男声fffの陰に隠れることで対比を作る。,114小節,全体,発語・アクセント
116小節「わたしたちは」のディミネンドは、どこまでfの響きを残すか。,最初から小さくしすぎず、後半からディミネンドする。「わたし」くらいまではfの響きを失わない。,最初から小さくしすぎず、後半からディミネンドする。「わたしたちは」の最後までfの響きを保つ。,「わ」の直後からディミネンドを始め、フレーズ全体を通してなだらかに小さくしていく。,最初から小さくしすぎず、後半からディミネンドする。「わ」の一音だけfの響きを残す。,116小節,男声,音量・フレーズ
118小節の「逝く」は、どのようなニュアンスで歌うか。,テヌートっぽく歌う。,スタッカートっぽく歌う。,アクセントをつけて鋭く歌う。,ディミネンドして消えるように歌う。,118小節,全体,表現
121〜126小節で意識する「受け渡し」の順番と、和声面で理解すべきことは何か。,ソプラノ→ベース→ソプラノの受け渡しを意識する。コード進行を理解し、121〜124小節のテナーの面白い動き、125小節以降の難しいベース、ベースとアルトがぶつかる浮遊感を捉える。,ソプラノ→アルト→テナー→ベースの順の受け渡しを意識する。コード進行を理解し、121〜124小節のテナーの面白い動き、125小節以降の難しいベース、ベースとアルトがぶつかる浮遊感を捉える。,ベース→ソプラノ→ベースの受け渡しを意識する。コード進行を理解し、121〜124小節のアルトの面白い動き、125小節以降の難しいソプラノ、テナーとベースがぶつかる浮遊感を捉える。,ソプラノ→ベース→ソプラノの受け渡しを意識する。和声は指揮者に任せ、まずは各パートが音程を正確に取ることを優先する。,121〜126小節,全体,役割・和声
123小節ソプラノ「わたしたちがしんで」は、子音と「死」の表現をどうするか。,子音がオンビートにならないよう、pでもしっかり空気を動かして前に準備する。三善アクセントを明確にし、「死」が浮き出るようにする。,子音がオンビートに来るよう拍に合わせ、pなので空気は最小限に抑える。三善アクセントを明確にし、「死」が浮き出るようにする。,子音がオンビートにならないよう、pでもしっかり空気を動かして前に準備する。三善アクセントはつけず、「死」を目立たせないように歌う。,子音がオンビートにならないよう前に準備する。pなので「死」の一語だけ音量を落として陰影をつける。,123小節,ソプラノ,発語・表現
125小節「てんをつくほど」と、その後の「大きくなったら」はそれぞれどう歌うか。,「てんをつくほど」の跳躍は難しいができているので音量は大きくてよい。その後の「大きくなったら」で元気を失わず、アルトとハモる感覚を持つ。,「てんをつくほど」の跳躍は難しいので音量を抑えて確実に取る。その後の「大きくなったら」で元気を失わず、アルトとハモる感覚を持つ。,「てんをつくほど」の跳躍は難しいができているので音量は大きくてよい。その後の「大きくなったら」は跳躍の反動で自然に落ち着かせ、ソプラノに合わせる。,「てんをつくほど」は音量を大きくしてよいが、その後の「大きくなったら」ではディミネンドし、テナーとハモる感覚を持つ。,125小節,全体,音量・和声
130小節の音量は、どのくらい強く出す意識で、実際どの強弱に達するか。注意点は何か。,fのつもりで出して、ようやくmpになる。乱暴にはしない。音が高くなったら元の感覚に戻してよい。,mfのつもりで出して、ようやくpになる。乱暴にはしない。音が高くなったら元の感覚に戻してよい。,fのつもりで出して、ようやくmpになる。多少乱暴になっても構わない。音が高くなってもその感覚を保ち続ける。,楽譜どおりmpで出す。低音域なので響きは薄くなるが、音が高くなったところで自然に鳴るようになる。,130小節,全体,音量・発声
131小節「大きくなった木の下で」の「おおきく」は、低音域と速いテンポを踏まえてどう入るか。,低く出しづらいことを見越して可能な限り大きく鳴らし、入りの「おお」だけ少し溜めて鳴らす時間を作る。,低く出しづらいことを見越して無理をせず控えめに入り、「おお」は短く切ってテンポを優先する。,低く出しづらいことを見越して可能な限り大きく鳴らすが、テンポが速いので「おお」は溜めずに前へ運ぶ。,低音域なので音量より響きを優先し、入りではなく「きく」のほうを溜めて鳴らす時間を作る。,131小節,女声,音量・テンポ
133小節のクレッシェンドは、なぜ早めに立ち上げる必要があるか。,mpからfまで大きく上げる必要があるため、早めに大きくし始める。,pからffまで上げる必要があるため、最後に一気に上げる。,mpからfまで上げる必要があるが、早く上げると頂点で余裕がなくなるため、後半に集中して上げる。,直前のフレーズの余韻を残す必要があるため、小節の中ほどから上げ始める。,133小節,全体,音量
134小節のmp→f→pの強弱は、どのように表現する必要があるか。,落差が極めて大きいので、意図的に大きな差をつける。特にfをしっかり意識する。,落差が極めて大きいので、急激にならないよう滑らかにつなぐ。特にpをしっかり意識する。,落差が極めて大きいので、意図的に大きな差をつける。特にmpの小ささをしっかり意識する。,落差が大きすぎると不自然なので、実際にはmf→f→mp程度の幅に収める。,134小節,全体,音量・ダイナミクス
134小節では、どこまでfを保ち、何をしてはいけないか。,「あおう」まではfで歌い切り、それまではデクレッシェンドしない。,「したで」まではfで歌い切り、「あおう」からデクレッシェンドする。,「あおう」まではfで歌い切り、pを経ずにそのまま次のフレーズへつなぐ。,「きの」まではfで歌い切り、その後は自然に落としていく。,134小節,全体,音量・フレーズ
142小節「きみはかなしみ」のテヌートをどう捉えるか。,「か・な・し・み」の各音だけでなく、単語全体にテヌートがついていると思って歌い、その後の「を」を浮き立たせる。,「か・な・し・み」の各音にだけテヌートをかけ、単語全体はレガートでつなぎ、その後の「を」を浮き立たせる。,「か・な・し・み」の各音だけでなく、単語全体にテヌートがついていると思って歌い、その後の「を」は軽く抜いて収める。,「きみは」から単語全体にテヌートをかけ、「かなしみ」で徐々に短く切っていき、その後の「を」を浮き立たせる。,142小節,全体,音量・フレーズ
149小節以降の表現で重要な対比は何か。,「じんせいは」の重厚感と、「もりのなかの」の清涼感の対比。,「じんせいは」の清涼感と、「もりのなかの」の重厚感の対比。,「じんせいは」のfと「もりのなかの」のpという、音量だけの対比。,「もりのなかの」の明るさと、「いちにち」の翳りの対比。,149小節〜最後,全体,表現・音色
150小節「人生は」のfと、その後のpはどのように対比させるか。声の質はどうするか。,fをもっと大きくし、その後のpとの落差をつける。「人生」の重みを考え、軽くならない重厚感のある声にする。,fを抑えめにして、その後のpとの落差を自然につなげる。「人生」の軽やかさを考え、明るく澄んだ声にする。,fをもっと大きくし、その後のpとの落差をつける。声は明るく前に出る音色に切り替え、若々しさを出す。,fとpの差は音色で作り、音量差はつけすぎない。「人生」の重みを考え、重厚感のある声にする。,150小節,全体,音量・表現
150小節の助詞「は」の後は、なぜ口を閉じず、少し長めに伸ばしてよいのか。,休符へ向かうスラーがあり、「は」の後の余韻を楽しむため。,次のフレーズが同じ母音で始まるため、口の形を保っておく必要があるから。,口を閉じると響きが止まり、音程が下がって聴こえてしまうから。,ブレスを取る時間を確保し、次のpに備える必要があるから。,150小節,全体,発語・余韻
151小節以降「もりのなかのいちにち」のpは、後のpppを考えるとどの程度歌ってよいか。音色はどうするか。,pでももっと出してよい。直前の重厚感と対比して清涼感を出し、ピンと張った響く声で歌う。,後のpppに備えて、ここは楽譜どおり抑えて歌う。直前の重厚感を引き継ぎ、暗く沈んだ音色にする。,pでももっと出してよい。直前の重厚感を引き継いで、厚みのある落ち着いた音色で歌う。,pでももっと出してよい。清涼感を出すため、息を多く混ぜた柔らかい音色で歌う。,151小節〜,全体,音量・音色
151小節以降が暗く、後半でディミネンドしやすい問題は、どのような音量意識で改善したか。,声量を1.5倍くらいにすると改善した。低い進行で暗く寄りやすいことを自覚し、後半で自然に小さくならないよう強く注意する。,声量を1.5倍くらいにすると改善した。低い進行では自然な減衰も表現のうちなので、後半は流れに任せてよい。,母音を明るく変えると改善した。低い進行で暗く寄りやすいことを自覚し、後半で自然に小さくならないよう強く注意する。,テンポを少し速めると改善した。暗さは音量ではなく停滞感から来るため、前へ運ぶ意識を持つ。,151小節〜,全体,音量・表現
153小節「ようだった」の後、口はどうするか。なぜか。,口を閉じず、余韻を残す。,口を閉じて響きを止める。,口を閉じたままハミングする。,口を開いたままブレスする。,153小節,全体,発語・余韻
154小節「いえたら」は、4つの音をどのようにつなぐか。避けるべき歌い方は何か。,粒のように短く切ったり跳ねたりせず、一つ一つの音を切り離しつつ、各音で和音が鳴るのを確認する。「音量2倍」の意識で印象が改善した。,粒のように短く切ったり跳ねたりせず、4つの音を完全にレガートでつなぎ、和音の変化は意識しない。「音量2倍」の意識で印象が改善した。,一音ずつ短く切って粒立ちを出し、各音で和音が鳴るのを確認する。「音量半分」の意識で印象が改善した。,一つ一つの音を切り離しつつ各音で和音が鳴るのを確認するが、pなので音量は楽譜どおりに保つ。,154小節,全体,発語・和声
「わたしはうれしい」の「うれしい」は、楽譜上のpppに対してどのような音量・感情で歌うか。,pかmpくらいになるイメージで薄くしない。細やかさだけでなく、溢れ出んばかりの嬉しさを持ち、pppの枠を超えて表現したくなるくらいにする。,楽譜どおりpppを徹底し、消え入るような繊細さで歌う。感情も抑制し、内に秘めた嬉しさとして表現する。,pかmpくらいになるイメージで薄くしない。ただし感情は抑え、音量だけを確保して淡々と歌う。,ppだが響きは保つイメージで歌う。細やかさを最優先し、嬉しさは音色の明るさだけで表す。,155〜156小節,全体,音量・表現
竹田先生が考える「わたしはうれしい」の女声の歌い方と、その願いのニュアンスを答えよ。,「はにかんで」歌う。少し恥じらいがあり、願ってはいるが押し付けず、それでも「人生をともにした人が同じ思いを持ってくれたら嬉しい」という深い願いを表す。,「誇らしげに」歌う。人生を歌い切った達成感があり、聴き手に強く訴えかける、確信に満ちた願いを表す。,「はにかんで」歌う。恥じらいが中心で、願いは表に出さず、聴き手に解釈を委ねる淡い表現にとどめる。,「祈るように」歌う。願いを正面から差し出し、相手に同じ思いを持ってほしいと強く訴える表現にする。,155〜156小節,女声,表現・情景
終結部の女声の映像イメージと、その後のlululuへのつなぎ方を答えよ。,パステルカラーで描かれた女性が少しうるっとしているような、奥ゆかしさ・恥ずかしさ・涙のある歌声。その映像をlululuにも引き継ぎ、若い合唱団ならではの持ち味として歌う。,パステルカラーで描かれた女性が少しうるっとしているような、奥ゆかしさ・恥ずかしさ・涙のある歌声。ただしlululuでは映像を切り替え、無色透明な響きに戻して歌う。,力強い原色で描かれた女性が晴れやかに微笑むような、明るさと誇らしさのある歌声。その映像をlululuにも引き継ぎ、若い合唱団ならではの持ち味として歌う。,落ち着いたモノトーンで描かれた老女が静かに佇むような、達観と諦観のある歌声。その映像をlululuにも引き継ぎ、成熟した表現として歌う。,155〜156小節,女声・全体,表現・情景
,,,,,,,
,,,,,,,
,,,,,,,
,,,,,,,
,,,,,,,
,,,,,,,
,,,,,,,
,,,,,,,
,,,,,,,
,,,,,,,
,,,,,,,
,,,,,,,
,,,,,,,
,,,,,,,
,,,,,,,
,,,,,,,
,,,,,,,
,,,,,,,
,,,,,,,
,,,,,,,
,,,,,,,
,,,,,,,
,,,,,,,
,,,,,,,
,,,,,,,
,,,,,,,
,,,,,,,
,,,,,,,
,,,,,,,
,,,,,,,
,,,,,,,
,,,,,,,
,,,,,,,
,,,,,,,
,,,,,,,
,,,,,,,
,,,,,,,
,,,,,,,
,,,,,,,
,,,,,,,
,,,,,,,
,,,,,,,
,,,,,,,
,,,,,,,
,,,,,,,
,,,,,,,
,,,,,,,
,,,,,,,
,,,,,,,
,,,,,,,
,,,,,,,
,,,,,,,
,,,,,,,
,,,,,,,
,,,,,,,
,,,,,,,
,,,,,,,
,,,,,,,
,,,,,,,
,,,,,,,
,,,,,,,
,,,,,,,
,,,,,,,
,,,,,,,
